path,category,bytes,sha1,md5,sha256,iso_rvz_equal,upstream_rev2_equal,module_id,rel_version,section_count,bss_size,prolog_section,prolog_offset,epilog_section,epilog_offset,unresolved_section,unresolved_offset,imports
sys/main.dol,main,4817568,2a78a0b3f375bfc85c7e42e20bc8551d1492d5d8,2a9d97709d91bbdb8b3b6b20030b683b,179574a14c484279efef84db58e55fe31bc2e3cf6c99efc0d20e7b322ec088be,True,False,,,,,,,,,,,
files/module/ft_captain.rel,fighter,165424,8f52685f06de477d0d128fe8e01c1bf0c13f5e4c,969b6b6d4c919e454d8692330a52f3af,a9b6ce4d87dc7c4b5fcb9f78f166afa00c2d3d7c409ea72ed3c889910f14f322,True,True,100,3,16,972,1,0x1589c,1,0x158e4,1,0x1592c,"[27, 100, 0]"
files/module/ft_dedede.rel,fighter,263680,a6978416df878081c94afc45b487030cdbbe5371,ac23475d9ee85217c8fc35e5bee46043,a528d837ba3eb53794adf0411dd6b23dd8701515df71816352b16d5aa9b0162d,True,True,117,3,16,1304,1,0x23e68,1,0x23eb0,1,0x23ef8,"[27, 117, 0]"
files/module/ft_diddy.rel,fighter,208856,2c96ead17a00574df5f75c6b50dd5314a6d090ab,6642ad7dcdc3e5cb1c8188458c8e40aa,45a51d3ac9acfe4d761b384e9eb5e3688c9c60e749da81294bbdd6f3a0c9976b,True,True,115,3,16,1096,1,0x1b99c,1,0x1b9e4,1,0x1ba2c,"[27, 115, 0]"
files/module/ft_donkey.rel,fighter,164584,b4d81d29f8c5384d694f8ff4f127c5f918b2dfd6,52593f22953bb8ebf80c321cf103da85,514237b3bf6a92e767e89dfef69e09a69a017ea5b8aed0724385787b6c1cd64b,True,True,92,3,16,916,1,0x154e4,1,0x1552c,1,0x15574,"[27, 92, 0]"
files/module/ft_falco.rel,fighter,138640,497dc7138429e38c2ad49dc96b5e6ffd8ec9a612,b427b3fb8fefa2d47ca222f8fa2f3e30,256639cb34ec160e8037e8b706a3c0b3f9e81e4021e2d783094e2e168ff128f6,True,True,108,3,16,592,1,0x10fe4,1,0x1102c,1,0x11074,"[27, 108, 0]"
files/module/ft_fox.rel,fighter,138856,b9ca4254ef441eb9ccd45e7fa00345b6e1990d0b,5ffc07e310fa550daaed3db37a4ddd49,73bcec58e0333fc385c622cbff4168369c077939ed50ef9bb84993925eb9f665,True,True,97,3,16,632,1,0x10fec,1,0x11034,1,0x1107c,"[27, 97, 0]"
files/module/ft_gamewatch.rel,fighter,261432,dbc1033e161ae04343a20f88b0825735f8ac49b8,c1143f39ce894f8992944300dc7a113b,b1c7f02f7c61f5500cacb12c7a6bbf43ed390f86bcda272965b6b4f8eb917393,True,True,107,3,16,1152,1,0x21d7c,1,0x21dc4,1,0x21e0c,"[27, 107, 0]"
files/module/ft_ganon.rel,fighter,143752,4381318840ec62b9abb2cc7d09a15f537b420f69,c88cbe3d3912b513c04dd2fe232c80c7,1ab38963d6e35ed260f70484d434b86f00475937317e5564ea461f018498db4e,True,True,109,3,16,736,1,0x11f6c,1,0x11fb4,1,0x11ffc,"[27, 109, 0]"
files/module/ft_iceclimber.rel,fighter,241448,3f3b2e86a7e99bf59a2016ddf63b883140705db3,418c1d08ae41f45ef57a14d228a27b8f,2ca80d4be2b779bd14d93b23329361f8e9434a0305d1ecb8d9b58ce9cd297c9c,True,True,105,3,16,1292,1,0x210b0,1,0x210f8,1,0x21140,"[27, 105, 0]"
files/module/ft_ike.rel,fighter,146840,2e7487b6b09ced85613bd79482dcd24a0efde1c3,496009c4eb1f6d1bb05c485c23999007,97ddc5199aa25f9dd614b3a823f943744e95c5695e64aa27b444f34a80358972,True,True,119,3,16,800,1,0x13de8,1,0x13e30,1,0x13e78,"[27, 119, 0]"
files/module/ft_kirby.rel,fighter,344192,926fc722766d613455a7dfa0e065c0dfe0c41ae3,4ce543799c7e23ed8f5c11034d3be36b,767b33918589f4559d994ae7e9a1dc0317862c1d81bc5f707ccda39cdd42ab52,True,True,96,3,17,4932,1,0x2f8a0,1,0x2f8e8,1,0x2f930,"[27, 96, 0]"
files/module/ft_koopa.rel,fighter,202544,a0e39d38237f0130545a0e5b33575f0cf15f4b46,d021ad59d4e4dc6d2b4a5fea92a4e5b6,01f712943fe0e77c7e695e399078a0c975332a478e00130f7d7e7feb24b3df3a,True,True,102,3,16,1576,1,0x1c238,1,0x1c280,1,0x1c2c8,"[27, 102, 0]"
files/module/ft_link.rel,fighter,190320,cf0f6e708b6cfec180edcb614036f405d5861570,eaeb03a1c69491640b192e29379d9c35,cb6dcaef51bb16d251f8cbae54d683d4f9a1fbc2beafb82580ddd1fd0cd2fb2c,True,True,93,3,16,740,1,0x18638,1,0x18680,1,0x186c8,"[27, 93, 0]"
files/module/ft_lucario.rel,fighter,152312,6ccd7614c616f5ccfb3656b6fe73277d7a1893d8,37fe6c7dc024238fdc4d7aede4447818,f911decff535e3be6f26adf018e8736f6dc34a7387c4f50e5615310650222628,True,True,118,3,16,916,1,0x140ac,1,0x140f4,1,0x1413c,"[27, 118, 0]"
files/module/ft_lucas.rel,fighter,251168,e66ee839135920d7c10298109b7e566ae7bb7eb3,a8ae2811474d763a9219bf0ad631f0da,89d04b0d97db8ff3ed187748f3f68e041070cc7b47bb845f6c605e43bd6bf181,True,True,114,3,16,1296,1,0x20ea4,1,0x20eec,1,0x20f34,"[27, 114, 0]"
files/module/ft_luigi.rel,fighter,135936,2617ddef4734da80fa2c6f9f0a7ff84d3a456635,52ad7d96c7186f999ccc0ea15d77e599,8c05b60f46e3d5b125c32f60366c0d94c860e032d1377a0184e4dd82cffa33f3,True,True,99,3,16,704,1,0x10eac,1,0x10ef4,1,0x10f3c,"[27, 99, 0]"
files/module/ft_mario.rel,fighter,204240,0d70854560b6d334c16ba2159bd5a61e4c27d8a2,6ec20b79da6433d3936165b888d0cd89,7121d894362dabb0399a9b2ef1a5d5058f6e992e92bcefa8d3f3537d44fbb8e6,True,True,91,3,16,1040,1,0x194dc,1,0x19524,1,0x1956c,"[27, 91, 0]"
files/module/ft_marth.rel,fighter,107576,4481da553b34f121d9aeec01565f4606a61c720b,c0fb546df14e2ae426dcf520752bf9a3,78896fdda56e03daf9d8e423400b3895ba7e16a484fba185b5ad57040f642122,True,True,106,3,17,472,1,0xdb78,1,0xdbc0,1,0xdc08,"[27, 106, 0]"
files/module/ft_metaknight.rel,fighter,133744,6a88d88fdf8dda6a2a719ac92d176e0cd6f79670,31899967e1806357dbd8416d90d04aba,344a1bf8006fb8c4d68c11566d26dde4b26aec2cae206ed7db16fd3ad9951ee7,True,True,111,3,16,604,1,0x112a4,1,0x112ec,1,0x11334,"[27, 111, 0]"
files/module/ft_ness.rel,fighter,277192,e61788578d9f18bc36bfb7349c43826cdf4f34d8,01f2c41325a65b88cc42edb90d38b7a4,1bafd0e9ff0fb328d6c97be02f4e9a2af502599e154f498d70401e667e84afaa,True,True,101,3,16,1448,1,0x24b28,1,0x24b70,1,0x24bb8,"[27, 101, 0]"
files/module/ft_peach.rel,fighter,148400,2f7b2a42b2aa1f1955740d19efb3fd651addcb60,c8f3840bd1d6b8728475d4bf2712c847,80ca2cdec69bcf16d1248bfd46738ce45d5fcb836f3f97d650c955b76a7a6bfd,True,True,103,3,17,672,1,0x136f0,1,0x13738,1,0x13780,"[27, 103, 0]"
files/module/ft_pikachu.rel,fighter,211696,6a72e0dc89b94a23a867e18ad99499cea6e844fa,3d54552ae9864f45c4cce07f2d47f485,48b0c9de70e8eaacc3d97c2ca7387147dc6a9caff17e9d33c2c402b7109a0990,True,True,98,3,16,1160,1,0x1c2f4,1,0x1c33c,1,0x1c384,"[27, 98, 0]"
files/module/ft_pikmin.rel,fighter,307896,34728350c52e0f3cbbebb7b28ab3e5c2e0eb5c69,951582053d9fec478c270fee09060d35,67d60cdd2f2b1a824be968a47c05e94f928c7612c713b1eb5091b5970e822a90,True,True,113,3,16,912,1,0x2ddd8,1,0x2de20,1,0x2de68,"[27, 113, 0]"
files/module/ft_pit.rel,fighter,182192,80e6015eb3c8df3c0e14783c1c6a48a5340e67a2,473a376a68de6f19abcf5fc5304a526d,a1159a1d4a25bde3dc243e6abb02a1b555abec8b7879c5033a66e62a94baae11,True,True,112,3,16,788,1,0x16c2c,1,0x16c74,1,0x16cbc,"[27, 112, 0]"
files/module/ft_poke.rel,fighter,288000,b27b2fd98cd4445892164d7af2bc94447ba458e6,5158f6a06ca9458887f1a3e98087a2b5,aea835d04d6e3085128bfe24598e9477f2106431a89801bea4c9474a46d6178b,True,True,116,3,16,1676,1,0x26738,1,0x26780,1,0x267c8,"[27, 116, 0]"
files/module/ft_purin.rel,fighter,102632,c6ac72041a64e8c7c6016acd156475d6fe9ce04d,8a722eb35cacda20e73c1e08407a6207,c716a960d2bf013d47aadb38b3eed55233173f9d89fff9f94918e8df46ca075d,True,True,124,3,16,608,1,0xc4a0,1,0xc4e8,1,0xc530,"[27, 124, 0]"
files/module/ft_robot.rel,fighter,184640,47f6c38e9fdf6f03f25579cb5ca36aca372ea315,4e67a8dc7a4c35223fdc3e4a6681fe19,c2f41a4b9ad3ee2a72736be13020d1f57ce2870fad25b3dc829dd20dc6e7c7c6,True,True,120,3,16,1132,1,0x184c8,1,0x18510,1,0x18558,"[27, 120, 0]"
files/module/ft_samus.rel,fighter,253360,df44ee4f743420534530d94f61108d8bdc38d89d,533f7036d1d36e89defdf8bb623a2a48,d51876b5b41ad074fd9573439f19babf6cba5535aab50be639d41a86ceca221d,True,True,94,3,16,1160,1,0x2041c,1,0x20464,1,0x204ac,"[27, 94, 0]"
files/module/ft_snake.rel,fighter,313008,f76f44366adf6a7b8137f611bdb5f48460e62286,c964a23ee19f8f7519761a86ea56c160,8e97578c5d227311b0f33c8dfe1ec974ffe5ed8e1f74afe0c59f5bd39e0756cc,True,True,122,3,16,1256,1,0x27b24,1,0x27b6c,1,0x27bb4,"[27, 122, 0]"
files/module/ft_sonic.rel,fighter,180680,46d66bfecda1ddea18230aed23c805d508a6a5b6,d05b2899f5d8988d041d89aeba2d3b58,877bb4e0a524405e3f21a279b9bd3d6326578ce55c12af08e9edc9a071b8eb0d,True,True,123,3,16,1128,1,0x185a0,1,0x185e8,1,0x18630,"[27, 123, 0]"
files/module/ft_toonlink.rel,fighter,190600,2db7d5a697422f38af09f1b9a565c5bd174229ef,378b4b7a30cf1a19b1f282133baba4a6,bd054bec5292c5ae90bae578d0e8af30b8d0f8b77dfe5664c49995c1367b54b6,True,True,121,3,16,740,1,0x18684,1,0x186cc,1,0x18714,"[27, 121, 0]"
files/module/ft_wario.rel,fighter,240280,f018230fb32c70363e48529e0d27b1c82276cda3,a85ab207d46916980eeeb2689f146c69,7811528495306fa605a07a153745b25d2905593301ba56415cdd06a1d593ff98,True,True,110,3,16,1516,1,0x2122c,1,0x21274,1,0x212bc,"[27, 110, 0]"
files/module/ft_wolf.rel,fighter,138520,4f4f1b17b10793f20ab396f7a2fe6981e1a89b46,0479849e3066cb9136195a2aa813b075,3ec07f0d195a35c23ea4bbbc5b3ac236ae64d9c908cd17929ccf0d6e5eaf0572,True,True,125,3,16,632,1,0x10f04,1,0x10f4c,1,0x10f94,"[27, 125, 0]"
files/module/ft_yoshi.rel,fighter,224936,6f54577cb5f33bee71040499e6a04cdf98cace88,bb557dd701fa3480f80060394f4bcc22,b3fb222cd69e7ad642d9991e30cf312dc83ee9a0f7e926a8b14477ac573a1734,True,True,95,3,16,1532,1,0x1d9d0,1,0x1da18,1,0x1da60,"[27, 95, 0]"
files/module/ft_zako.rel,fighter,134392,e6b54e689289fe46adb06f1f33b9cd1727ece791,f06aef50ba5af6936c5ab9a66465e44d,47174e5798735ba2a5b043d2f56f9769adfb454fb7205af152fbf0034a835139,True,True,126,3,16,484,1,0xf814,1,0xf85c,1,0xf8a4,"[27, 126, 0]"
files/module/ft_zelda.rel,fighter,282136,0ef622629357fdd9a0e8e4897a9ecf84d2f322ef,0aaf25e59ee48fee496275b7e39ee82b,f1efa9bb9c2df1cfa3d429da946584d0cda0f170c6853d331020cf3d786b5e4b,True,True,104,3,16,1624,1,0x24d10,1,0x24d58,1,0x24da0,"[27, 104, 0]"
files/module/sora_adv_menu_difficulty.rel,adventure,12104,781a464b464ae33c848197656f8332eea22d7b10,b63a8bb15430337b59951a07817dad74,6fae73528f53a23e8e09930b958f97b8907aaf097f8056f087d20680703326b7,True,True,32,3,15,4,1,0xcd4,1,0xd1c,1,0xd64,"[32, 0]"
files/module/sora_adv_menu_ending.rel,adventure,15624,352c046fbd5ee0dec7dd53d6178cbec163b3d593,f837fe603eabb466eb49c5dbc444c571,0b1529cace2f59ab7e4fac2e71f5dfeaadd81d79009e6cfdb1f21f9060a79d2c,True,True,37,3,14,4,1,0x1864,1,0x18ac,1,0x18f4,"[37, 0]"
files/module/sora_adv_menu_game_over.rel,adventure,26616,f0d0f5b2a32dfeb8966d6f3b78702736482c8440,82b6e4d5087ae6c0936ecdfc51c39f63,990d1b8aa462595e479a60e79b18ddaf8019701a20ea1b155b4105d6f4d8fe1e,True,True,33,3,16,24,1,0x34c8,1,0x3510,1,0x3558,"[1, 27, 33, 0]"
files/module/sora_adv_menu_name.rel,adventure,24696,3374586cb627245058a49987866e5037df4b2584,46733fc64b6d5866363c4ab564e12309,1e26c2269ba9429023bee6a9a5c81f0e3a65f8a1340dd23f59920ba78a88c01c,True,True,28,3,15,4,1,0x2f4c,1,0x2f94,1,0x2fdc,"[28, 0]"
files/module/sora_adv_menu_result.rel,adventure,15240,1732923b24235a3a07fcb140860034b4d286a1be,4a8bab38e8b9224faba34b811635f16f,15d5afa6aa88b6d384215f45f3b099faf535b0c1a64f97f69a8a991ce1807c89,True,True,34,3,16,24,1,0x16b4,1,0x16fc,1,0x1744,"[1, 27, 34, 0]"
files/module/sora_adv_menu_save_load.rel,adventure,6824,c30c412ae50c9db5f51b4ef0a0f55ae44e33a40b,3cb127332e8bac28899143a1baca2e82,3c48401857531950eba3842d099a94dfdb646605c957ea092253129a65c0122e,True,True,35,3,12,4,1,0x0,1,0x48,1,0x90,"[35, 0]"
files/module/sora_adv_menu_save_point.rel,adventure,6824,987b58f342d7c95d04de4060129dd41f357ff5e8,06c0d15af57ba87373357c7454505c3c,36517c85b554473f33c784eb4c01c55f9f1910f4f5af89394d263a470ddc79ee,True,True,39,3,12,4,1,0x0,1,0x48,1,0x90,"[39, 0]"
files/module/sora_adv_menu_seal.rel,adventure,6824,9410c56589190cb5438b0fc2c00104535a61e4a0,9afb8ce266b2376b9fd8a3b3f8830960,11ede3bd9c44f43df9e069436eac7d442a79827ab966e98655f18c47775084d3,True,True,36,3,12,4,1,0x0,1,0x48,1,0x90,"[36, 0]"
files/module/sora_adv_menu_sel_char.rel,adventure,6824,6389fd60404245df577d65c78d74cbab8e96dc6f,2e30d10deb80d67521c862b56e7299ec,a57eba322a5b0a8187ce05bdaa1cfb6080bb30864683124ef523415fc56a74af,True,True,30,3,12,4,1,0x0,1,0x48,1,0x90,"[30, 0]"
files/module/sora_adv_menu_sel_map.rel,adventure,30264,967f20d132cd59ca135aaffaf0e2e8487932d0c8,aeb3e00f115e2baf1a0b27de712826f3,72ab1aa55d0863a7904c7be5e7ca99b50d9ba51751f328a98b73b55fac0e43b4,True,True,31,3,15,4,1,0x3814,1,0x385c,1,0x38a4,"[1, 31, 0]"
files/module/sora_adv_menu_telop.rel,adventure,9616,d89603a2bf85fd278b60c20a18633d247b7e881a,ac7b71b97185f7895780be429c1601eb,a8e56eabfbfe4cccd0c813f5b49abc12d948ed4206f747f855bfec9764fd8ffc,True,True,38,3,14,4,1,0x708,1,0x750,1,0x798,"[38, 0]"
files/module/sora_adv_menu_visual.rel,adventure,21760,c1412dfea8cea037a871c1aeadd19340ab59b274,97a28a706a972e99715339d14133488d,bb8344365090a50d3c108a31f9c6e4d029b11992837773781695edc23af2b6a6,True,True,29,3,15,4,1,0x2bd4,1,0x2c1c,1,0x2c64,"[29, 0]"
files/module/sora_adv_stage.rel,adventure,537616,c87eda88b933d9651c3c710134ba40bc8c8db2e9,a20fd9096fe0e47ffbe9646e1639a633,ecc13cb48f6427c792d2936ec728098b3189c4a728c55c65a85f8a5860510c09,True,True,40,3,17,10768,1,0x48cf0,1,0x48d38,1,0x48d80,"[1, 27, 41, 40, 0]"
files/module/sora_enemy.rel,adventure,784104,ce739ab85fe4358c5a041b3ae1146a1bf6f15878,bafd6b7ad8530cc311e4ab3a58028698,2214e1c81a32e9370eb48e5564336f63a2f6f7e5f455dcd4d4cb1bea09e7926e,True,True,41,3,17,2144,1,0x6b760,1,0x6b7a8,1,0x6b7f0,"[27, 41, 0]"
files/module/sora_melee.rel,scene/core,5877568,0a07201ba849db974c7c4675ca92e39091b57044,3cbee20ee204e16bc1657a0950c2414d,56c5bb3e201db6a0a91e710d583f0cbe42b98094e7b86c4009abb5d927391b40,True,True,27,3,17,36072,1,0x3cbcd4,1,0x3cbd38,1,0x3cbd98,"[1, 5, 40, 41, 110, 27, 0]"
files/module/sora_menu_boot.rel,menu,19776,97b93e30fb198093a0a7d4c2c5e3fe938cbc11c7,44b54b86edd4031a4d42eb2f342439d3,3e6a0239d66a3c4294eac33628d2d62ccbe0e03724338ad6a3013bf919f0f0ba,True,True,22,3,14,4,1,0x2138,1,0x2180,1,0x21c8,"[22, 0]"
files/module/sora_menu_challenger.rel,menu,10488,29bab78eb11b4ddd3bc2e199837758edaa965d0a,1d1efaf0337c49be825ed0904fff61f4,706a05208e86b90319e685b57c1bfed793ec013a09708351eb24922175fc0beb,True,True,23,3,13,4,1,0x7a8,1,0x7f0,1,0x838,"[23, 0]"
files/module/sora_menu_collect_viewer.rel,menu,73848,611661e903d6eff155a09feef672fb4834fc058a,43ee58998c6b961d20dad6cfd0318f50,8e6bf706ca87b6e191b6b1818124fe3fff1dd1cb615d7ff6c51fb164d166c717,True,True,6,3,15,20,1,0xbf84,1,0xbfcc,1,0xc014,"[16, 6, 0]"
files/module/sora_menu_edit.rel,menu,113480,637dbdb38b8133a3e8f6587ed962a01802379f00,8ffccd5dbdd71a9575bb5d9239d8d743,1770d62b5ee2cf4dff6b22c15bad1c771f300d42beda7b595445ca40e238e628,True,True,5,3,15,472,1,0x14bd8,1,0x14c20,1,0x14c68,"[1, 6, 16, 5, 0]"
files/module/sora_menu_event.rel,menu,25624,29cc747889cd5ea18829f30fa5a91602a67aa139,aadb995d4e6a8be25c1f871e87be2323,cad1c66722e464c1f788ae5c2840cd84918d4dec8d323606847aebdbff4e51c7,True,True,9,3,15,4,1,0x35a8,1,0x35f0,1,0x3638,"[1, 16, 9, 0]"
files/module/sora_menu_fig_get_demo.rel,menu,14536,8e065d4adedecc735ce8841b201f2a3118fe47ea,5322f8949dafe0ed5fb45eeb5cade931,395b92975710d36788785a833bf9ea2093be9fd1e442b0001e97afb270cb38d7,True,True,26,3,16,24,1,0x13bc,1,0x1404,1,0x144c,"[27, 26, 0]"
files/module/sora_menu_friend_list.rel,menu,60264,a496366e245622d9c9673aa9fd057a921efaa553,2e4211107e285b469a2ca473b422319c,f0c9c63f14c17618037d60af143d8733d18ff6cb9162c4ebff39d908f6ad692b,True,True,14,3,15,4,1,0x9c70,1,0x9cb8,1,0x9d00,"[16, 14, 0]"
files/module/sora_menu_game_over.rel,menu,13928,d69a2995f0fe4bc562920253a944c9f172060f77,005d007570406f7ceb8b08e4b030d900,e9d00572ebfff6c1feaba0705c250bb60dc9e7b4d8777f1f2e62a2646535d4ce,True,True,12,3,15,4,1,0x12ac,1,0x12f4,1,0x133c,"[1, 12, 0]"
files/module/sora_menu_intro.rel,menu,16816,13d3b19632f29fb24c75fbcf882c513a17f994c9,2ca27296410dffff6f761d2240b73048,01810213efd87d164182c5947ad94755a1714feff461036b0984474ba755d5a8,True,True,13,3,15,4,1,0x1bbc,1,0x1c04,1,0x1c4c,"[13, 0]"
files/module/sora_menu_main.rel,menu,361112,468b91c4db3ff2c4de13e599549545f1e634f20d,ae94d54db1170958a387506a0ef364e5,73ae4e12ba7898b50733d3eeaffec429ca87e914c253bb374abab1bbc18fcd1b,True,True,2,3,16,116,1,0x3d1b8,1,0x3d200,1,0x3d248,"[1, 11, 16, 18, 27, 2, 0]"
files/module/sora_menu_name.rel,menu,64928,28e2264d5c4d3d32073d68924d0ed5865e305695,1aaa35d075ca6753dcb08adab9a15397,96f67bb2dab45ec0d24ac26abe25e02234f99a4eaef48f6d50e40907f0264e3d,True,True,16,3,16,172,1,0x7668,1,0x76b0,1,0x76f8,"[16, 0]"
files/module/sora_menu_qm.rel,menu,57480,58f11601c1b8f49366cb358a0c81533a88ff662f,412184d6c03b0ffc2789af8211c2cae0,a9adea51435efb78058454e449e6613aec166a50e639109889fcd189612fa022,True,True,4,3,15,4,1,0x8cb8,1,0x8d00,1,0x8d48,"[3, 16, 18, 4, 0]"
files/module/sora_menu_replay.rel,menu,17512,fffdbaa4eb81a1917f6ca78a37826f67fba1a0c2,7619848f676e0c3a132bdc87c2d92eda,74a572ea95deeb0bc57b8b5d176e854abac13569204b64c656861f6081fef4e5,True,True,7,3,14,464,1,0x15b8,1,0x1600,1,0x1648,"[1, 6, 7, 0]"
files/module/sora_menu_rule.rel,menu,61272,ba63514bba17cafcdcf4712a993f1e0d13ea03ee,a1978d28f1e857a398012f7e8450d5e3,d73c927aa4d0cc02864cb21c99433b40373d83245a31e037c965ddc64c02309e,True,True,18,3,15,4,1,0x9638,1,0x9680,1,0x96c8,"[1, 18, 0]"
files/module/sora_menu_sel_char.rel,menu,157136,c65dc24b6cae04fd62b62b5639e47f502cc2e885,f8d8514ad5f12c68ab603e44e6f87c46,0b08e308cdcb5ad75b30af47a2ca3d64c07f4cd21f3161eba43b42ba3b99d47a,True,True,10,3,15,20,1,0x1de90,1,0x1ded8,1,0x1df20,"[1, 16, 17, 18, 10, 0]"
files/module/sora_menu_sel_char_access.rel,menu,6968,64dea329f48dfd6eae45be867bf3915a6f14c5bf,4e153a9cb4ba5afc02a193b38c963716,c9fe51ca6b212b81cb8387942887ba055cc26edc92f18fefc68a3f8366fc4143,True,True,17,3,12,4,1,0x34,1,0x7c,1,0xc4,"[17, 0]"
files/module/sora_menu_sel_stage.rel,menu,53712,f9661b7dd7a1b9bce3980724b60839437a2856fd,f75ae841a7a2d363c345c0314c18416e,0f10704c0ff4ccd3ef42369d7ac3e4081bbfbbe384f1f7c5899d8e4bb27fc582,True,True,11,3,15,20,1,0x85f0,1,0x8638,1,0x8680,"[11, 0]"
files/module/sora_menu_simple_ending.rel,menu,14480,ca8586b900e6c7a35e7fc3a261256fd1c15a6429,ed5d25b6c418faa186c0d0a524cb9ec7,e82cbe27595d0469d96ff279b0f0df645f34dbbfd323ed1a796492c406e4d200,True,True,19,3,14,4,1,0x10b8,1,0x1100,1,0x1148,"[19, 0]"
files/module/sora_menu_snap_shot.rel,menu,12640,b599699b09a0bd10835e1024c1a7fd560bfbd5a7,7bb2a7c226f6bcec10f08a0c58662240,5db4f8d8c0bb34839e8be8994c56a997c7265e516c3f9cfee0bd82a9abcc5138,True,True,8,3,14,464,1,0xae0,1,0xb28,1,0xb70,"[1, 6, 8, 0]"
files/module/sora_menu_time_result.rel,menu,12152,bd2ee147b9f3ad103064fa9817806189ebe1c609,25df5421e6a3b626190356518fd86dbc,bc2caf8ae0c56da6fcce03780f0e70c3f5be2f00c78c28c7d6e689495d30732d,True,True,21,3,15,4,1,0xbfc,1,0xc44,1,0xc8c,"[21, 0]"
files/module/sora_menu_title.rel,menu,28416,3d6aaa9096b0970225579716dd1a1393a4f2e6f3,0758715b2bde1a79cb9fa1b66d00db1a,f088ea62d7d854d080d508f27f441d13d81625b0f606fdae9d85ebbf1fa84f28,True,True,24,3,14,4,1,0x3478,1,0x34c0,1,0x3508,"[24, 0]"
files/module/sora_menu_title_sunset.rel,menu,30064,d955fe36747dbf1d2f2895b6221f4a68466d2b44,f0ae01bc7f6579486e2282272c84c648,0f0a7ab7b804bf5f4d6cc7891e7f3fbe13825afc04eec76c787105a5244e4698,True,True,25,3,14,4,1,0x38e8,1,0x3930,1,0x3978,"[25, 0]"
files/module/sora_menu_tour.rel,menu,120976,f43a1e3a1d3e9f1d2595843b58014571b929f6a1,6a6bd732bcf1073df244d05d73c722ad,65577b24fa847b6820e6c3a1467c8bb6738b295c4ed604b28bf2002761af855c,True,True,3,3,14,4,1,0xee90,1,0xeed8,1,0xef20,"[16, 18, 3, 0]"
files/module/sora_menu_watch.rel,menu,33808,f5b8c7bde878f6686cfcb0c0625ec49fe3bf17ae,aa0a5a10c9eed4203bf0e6d37e0d700d,80f499a4fd0366968e7ce2b2b1902e8459ad9d6f911dc37c32966fc4adde7b32,True,True,15,3,16,28,1,0x4f68,1,0x4fb0,1,0x4ff8,"[1, 27, 15, 0]"
files/module/sora_minigame.rel,scene/core,85376,3fd3b941986369707632a0b775bf5828b6b3fe13,9294124a13638fc6c3ff083f0849095e,08b7c2469e5a506a3e442cd7ff40dc9d25d2a192cd0e59d2a62594874779addb,True,True,20,3,16,48,1,0xde60,1,0xdea8,1,0xdef0,"[27, 20, 0]"
files/module/sora_scene.rel,scene/core,400648,2169e33d22603a88ce2b088b435ce8235d9556a6,d3bfd6aff350141b1c9d169a70439a2d,62761bb9e25417fe36ff2a7a3999fe9ee238c06fd75bdb593e6242dae5441fdd,True,True,1,3,17,7176,1,0x3d4b8,1,0x3d534,1,0x3d57c,"[2, 3, 4, 5, 7, 8, 9, 10, 11, 12, 13, 14, 15, 16, 18, 19, 20, 21, 22, 23, 24, 25, 26, 27, 28, 29, 31, 32, 33, 34, 37, 38, 40, 1, 0]"
files/module/st_battle.rel,stage,16288,6c23a264cc9732f0f411a8b4611e647e27e3690c,52a97adad38d70b9a40e5ae632275934,71fa0dca2da49da9dff0655bf40d60caed41f38efbcbeffc16f40ae16d039f92,True,True,43,3,16,24,1,0xf84,1,0xfcc,1,0x1014,"[27, 43, 0]"
files/module/st_battles.rel,stage,13592,4696ac66a14c7e023bbe4c47bd997055a3107138,656202ac79f3858ef283e32a123599e6,3a09ac92158800279a1f28eb249ee87878abb6d1abc860bbeb6cd83bd4d33194,True,True,42,3,16,24,1,0x7d0,1,0x818,1,0x860,"[27, 42, 0]"
files/module/st_config.rel,stage,13040,06c4022b10b50735dfd29f768f19b9a8d122c85e,eb60483e383c8f5c2db8613450944b6b,01104ee04eb8b361faf8d85a5a56c9ffd4edca6c44535ae6fe583298c76770df,True,True,44,3,16,24,1,0x69c,1,0x6e4,1,0x72c,"[27, 44, 0]"
files/module/st_crayon.rel,stage,83920,7fd36b8eb8301bdc877ca981b4f4909c49d593d5,c01b57a9212fad2f5dbb8fe1ba161eb9,8e119aedd55ae6dc04e8b4b969301a35f8d08c6231f58c9abf9ff9a182d80504,True,True,56,3,16,352,1,0xb2b4,1,0xb2fc,1,0xb344,"[27, 56, 0]"
files/module/st_croll.rel,stage,71272,96b1c892afff8a08f99b8f51f5ae902ab286ed98,fdd98837d4645fdf671d007762a17621,f04b7c21b5635c36f86ae1d3f1375c96d4397da8b8224b66350fa6877248d38d,True,True,90,3,16,44,1,0x8530,1,0x8578,1,0x85c0,"[27, 90, 0]"
files/module/st_dolpic.rel,stage,61400,b1ac03ca812bf92ae4ff1cefdbce698ffd7e6bce,165ff1a1601167c8210f0901f0858f21,35891563d454893adbbeda66944f8bc2d5f049e4c1054019033a5640a5c9659e,True,True,46,3,16,24,1,0x7088,1,0x70d0,1,0x7118,"[27, 46, 0]"
files/module/st_donkey.rel,stage,89008,1a190609184122d1446bd2e0e5d6a55a6f25929b,eb4043548847b8d987e354c64804caf4,ba3a35e7ce12da8dd43411772075aca558be09c47de107fa4757adb82c64143a,True,True,50,3,16,296,1,0xb6a8,1,0xb6f0,1,0xb738,"[27, 50, 0]"
files/module/st_dxbigblue.rel,stage,64688,5695b3367d19f8cc98c2a6582c0cd3fd34c20f74,3b55c4ed55139fd46a6c5f67e5e918b8,cf1453ea1519e5bbe11af99dab65670096fc9182e9d6ac8eb747562512c6baa7,True,True,81,3,16,24,1,0x8288,1,0x82d0,1,0x8318,"[27, 81, 0]"
files/module/st_dxcorneria.rel,stage,34344,25c690f6087997c46e791bf8d4365a38a22d9dc1,6e55805bc1cf30f6077fd49f34ee76cc,7ea686a738965e3c9e9eb1c74b8faf73c6f32d8d9eeec3e5958d69f6ec985916,True,True,82,3,16,88,1,0x4458,1,0x44a0,1,0x44e8,"[27, 82, 0]"
files/module/st_dxgarden.rel,stage,56704,9a219966c8e0e2ffd7faaf9b15386349ca8f7070,ddc9954c929b66ae5271b4108101ba13,d4edcde7ef57bbd345c032fe87f9201f656dbc1f1ecb57e30cfb4d6d9366142a,True,True,77,3,16,296,1,0x65e8,1,0x6630,1,0x6678,"[27, 77, 0]"
files/module/st_dxgreens.rel,stage,89784,873352706f34abb161668a36ceeda4520f51802f,9e7d2a1bc6f439e097afcad559213c9e,d8825b6558d633ae1abd11df0f894101bf24580b95d8beaf22e8f6f3a6c5d20f,True,True,79,3,16,336,1,0xc1dc,1,0xc224,1,0xc26c,"[27, 79, 0]"
files/module/st_dxonett.rel,stage,70568,babb129435fc4ef716395030c0c97fcd53e01066,7cf35c15d09de2953ffdb700be63fac8,7fa618a7ceba9cb449aec027528947aaa2275a23a541c9bf7f8f03e66dad1c74,True,True,78,3,16,296,1,0x89f0,1,0x8a38,1,0x8a80,"[27, 78, 0]"
files/module/st_dxpstadium.rel,stage,25904,291a6f9d7a31ae084e77dcfb548144b2c7e60680,d28b62cdfcc4d973aa4f43e301e94741,789614a6a9e90676d34fd1f9276303ace7390beab26511cfd7564d977dc127e3,True,True,83,3,16,24,1,0x2e28,1,0x2e70,1,0x2eb8,"[27, 83, 0]"
files/module/st_dxrcruise.rel,stage,24328,86e22c8fb2b4f8bc692a4010714b3b3c544be6cb,a9f5d9e852076d21f7cc3202a033e7f5,c8e9ef534735ecd65d01671f163fb80e779d0e24a4699c5a31f9b253e6ef7c7c,True,True,80,3,16,24,1,0x2b4c,1,0x2b94,1,0x2bdc,"[27, 80, 0]"
files/module/st_dxshrine.rel,stage,13232,d19a1281ccc2b68b0e7f5c1df7c79c13aa50c4c6,1724c0fb2b589f0801b9dee2febf41e1,bddf991ac556ce7c65c1eaa4deea8efa44a355fba034a51a9b64acbfbbe514da,True,True,75,3,16,24,1,0x728,1,0x770,1,0x7b8,"[27, 75, 0]"
files/module/st_dxyorster.rel,stage,62768,8cfb4ca5c1c7a0eb83237eb0edb893cbd3b83532,57021cb655f5f439b245f04076607501,fb605367a277b8dc54d2f9e5c3e335f05aab6efbe869585dcfb39bd3c52b54ba,True,True,76,3,16,72,1,0x7ac8,1,0x7b10,1,0x7b58,"[27, 76, 0]"
files/module/st_dxzebes.rel,stage,30208,a129355ef535dd2f90a4f7dd008a0c9464ad1543,8b719636e5df7673eb158cf39409489b,4b9d03204a286ff9c971668271af94f7e5c17c9b51a0eb2da34e7f1fd643f6a2,True,True,84,3,16,24,1,0x3ffc,1,0x4044,1,0x408c,"[27, 84, 0]"
files/module/st_earth.rel,stage,138704,55e020c875248633a9d149ccca67cc0a9dc47144,c8cf3f20eb224bd13e136331219b5ba2,dacf4420cb113d3dca778aa2703d63e72f44386ec7d9e84824b9a394bf49dba6,True,True,66,3,16,396,1,0x139c4,1,0x13a0c,1,0x13a54,"[27, 66, 0]"
files/module/st_emblem.rel,stage,23704,fb2ff7f1b949ee36289fc8433a6becc83c9ecb68,5c8ebf6d34ad0d3cd32a9468db77db6d,81af2cc28647cda6cfdcbf429db9fd4cfec32f0f11cbf8c64f5d9a6d27f2faa9,True,True,64,3,17,24,1,0x281c,1,0x2864,1,0x28ac,"[27, 64, 0]"
files/module/st_famicom.rel,stage,130424,b1f4d63d7e8a2cc3b0763ce2d8886400475a5752,4a3d7e283474384a64ef4e66f0aa738d,2d2841eeeff0a6a7c0055a4d65112108eac319a373d505af08f039967941e595,True,True,68,3,16,384,1,0x1390c,1,0x13954,1,0x1399c,"[27, 68, 0]"
files/module/st_final.rel,stage,14232,06ddc8f1c6e28cec63304ab53c4da979a1f362cc,c6a0a9825c3d2f65b7347af4170a96a3,3c44cbb24aed61178d502debc6a414e9549e1a818c3bd3373d3b7eb6c5ec980d,True,True,45,3,16,24,1,0x9e4,1,0xa2c,1,0xa74,"[27, 45, 0]"
files/module/st_fzero.rel,stage,109360,2b0aede9f2bc1c5d5087778de76d0e1f60aeefec,f3d693c00636b81a705c15c53d60990a,1a81330efaa78f63ee4b41d85d1f877764923f688d10e2790dfba80af480dabb,True,True,61,3,16,296,1,0xe800,1,0xe848,1,0xe890,"[27, 61, 0]"
files/module/st_greenhill.rel,stage,100672,1b1bd2e86ff46d41bad1263cde6bb056fe0bd448,fee7b98b304627122e7044391efa8acf,e0ebfdc728194fb829bbeb4e4bfc5bd6dc50d0a28e2a943df8ffd6cfd4fd0535,True,True,72,3,16,332,1,0xcd70,1,0xcdb8,1,0xce00,"[27, 72, 0]"
files/module/st_gw.rel,stage,175152,a1f3c02410fbf64281d28528091494292a7e9a2a,fb77f1833d41d0d7f8857830b53c605d,7a290b6d17bfaafe40acf7319005874821e7e3322e58723a5e6f3ec4a60ea205,True,True,63,3,16,348,1,0x172ec,1,0x17334,1,0x1737c,"[27, 63, 0]"
files/module/st_halberd.rel,stage,124592,e7df6fbddda7e802034539f8020a1c295dd3ed6a,8edac51dce3ff83e256f334f5ddc4e60,14471e616b2c6372055c67e7bef46a40e1145147edb589189d914b5888641c33,True,True,57,3,16,296,1,0x11f90,1,0x11fd8,1,0x12020,"[27, 57, 0]"
files/module/st_heal.rel,stage,14312,c5e0b6cf84f676e01b240c59d4b6f31e14cc16eb,edb46685dcd3b160d89ebb4521f1d591,8b1be8a80c151d7027336d9547128c72381a98f0455545eeeebb4be64380d3e4,True,True,87,3,16,40,1,0xf9c,1,0xfe4,1,0x102c,"[27, 87, 0]"
files/module/st_homerun.rel,stage,68656,e09d4be8b2c07ec94ef0b75dad06e5dd1b23ad24,2f09ece2fac3263011842a5037cd60f8,d9076534f7851f1de7c1063e63bbc4329fd1cf76b2ab6a55485ebcde1ac3ae04,True,True,88,3,16,40,1,0x857c,1,0x85c4,1,0x860c,"[27, 88, 0]"
files/module/st_ice.rel,stage,134880,79f6186a6e4a587526ffab78fd0be6e756c76768,353965711ddbfab488ae68c825f676e7,0ea429aee51f678ff526f1ff34672258c309c7b115eb5e1cbc01f45322cf680f,True,True,62,3,16,348,1,0x1184c,1,0x11894,1,0x118dc,"[27, 62, 0]"
files/module/st_jungle.rel,stage,199008,a924c53c6aac5f1f794e0e9935430535b8dc0e2c,29e5160db53973b68592ac195db2c125,f1cf8e3ec2447e0aab7c74dc94c5c782f05cf2dca2028ef120edc79f1e9ff099,True,True,51,3,16,412,1,0x166a4,1,0x166ec,1,0x16734,"[27, 51, 0]"
files/module/st_kart.rel,stage,88312,5deafa2600ba5d8cfb462580ee64868b6878d67f,7d74838bef96866380a8ad16f2ef7e4c,bd22ddabbbb9ed87a0e0105a19010849510d7a933a942337618f2f37a86f37ff,True,True,49,3,16,320,1,0xca58,1,0xcaa0,1,0xcae8,"[27, 49, 0]"
files/module/st_madein.rel,stage,48072,8e6034b5a04ea2716eefa2af44f09042371fd994,56f61e455b293b24d75dc59b5cc4fdae,d401d7571aea0c9c2bc5e95ff5c35d4f2ae1a6973f79b7ebf18f6ec7ffd604aa,True,True,65,3,16,40,1,0x6b24,1,0x6b6c,1,0x6bb4,"[27, 65, 0]"
files/module/st_mansion.rel,stage,95752,7409ec3d270eabce43a404556045cbce0a6893c7,49242d98a1196587acfacd3cc8d787de,e73e1a503060835f884553d592d1d48cf54f67f89c46c8c7d3e3710617c88e13,True,True,47,3,16,320,1,0xcc28,1,0xcc70,1,0xccb8,"[27, 47, 0]"
files/module/st_mariopast.rel,stage,96408,9aeffe387f5cb131a5e6db6bb946a39260714beb,b8318d78d9d327787587ca37f7a212c9,1c4ff55aad61c0440d5fa5a287c719b27f002fe8ec2f0d727c3b113b5bf0d5ba,True,True,48,3,16,112,1,0xc758,1,0xc7a0,1,0xc7e8,"[27, 48, 0]"
files/module/st_metalgear.rel,stage,119168,1f7777a6e338948f1984fe50476167abd349de12,c8280a9ce633a2a6b46e325b903e0d63,c766a4e2529321faa14c64c9a63fd4e079ac6c7e5abd716077a2d907c735573d,True,True,71,3,16,320,1,0x10718,1,0x10760,1,0x107a8,"[27, 71, 0]"
files/module/st_newpork.rel,stage,27944,10254ec9bf1766222a2a44b73adead39e46c3b4b,999b277a30d597d41f2c2ca679a5a673,8b1145ce906e553676ecc369188bfd965deee1edee27b0e6167228103b2454c0,True,True,69,3,16,24,1,0x2f60,1,0x2fa8,1,0x2ff0,"[27, 69, 0]"
files/module/st_norfair.rel,stage,122616,65aa8e5ce277269516787a200cecda1413d81d91,ab75c915c90567ac59bb8859bb84f633,21c5e5246724092f99b3f962a5bfa45ec9fc109a31618d65ba720235bbbca117,True,True,54,3,16,336,1,0x10210,1,0x10258,1,0x102a0,"[27, 54, 0]"
files/module/st_oldin.rel,stage,32744,905f78be9ff518c881f446ef8c9d667252db0782,1ba72de37bf15676c3cc43abead6fe4c,9a0ae592c6b7c8f966f62523187c957ccc78cd5545d23c07c2fdc3cadf63b96d,True,True,53,3,16,24,1,0x433c,1,0x4384,1,0x43cc,"[27, 53, 0]"
files/module/st_orpheon.rel,stage,22848,31b9ebf71205ecd6ecfb2995376fe36b95fb1d6e,74a42fa670607e9ba0e897d0820bda7e,3ff86e36b4068c653fb4cb5194ea2db38de60af048fe2f4dc9f8e0f61180e439,True,True,55,3,16,24,1,0x24bc,1,0x2504,1,0x254c,"[27, 55, 0]"
files/module/st_otrain.rel,stage,12144,2f5b228dee95a6c79f2fc51d02233410cee2d0e2,2d068a0964594e6bac7d84455a135b63,045875b016a942fe5b655072fb9d18498e84eca666cfd1d73e71ce675b55399b,True,True,86,3,16,40,1,0x8c4,1,0x90c,1,0x954,"[27, 86, 0]"
files/module/st_palutena.rel,stage,95664,d72919bcc6560eb155748009e836082c2408cda6,89d4e8fdbd0656f5230d7b281aefb440,ecf29bd2dd972497e47c52405648ef8e5d0b898dcbcdf7f2ca35082acc4e7998,True,True,67,3,16,72,1,0xd088,1,0xd0d0,1,0xd118,"[27, 67, 0]"
files/module/st_pictchat.rel,stage,137624,90899f1122cdf5c10f2aed3ad7718c094c59ebe3,29ee179464f54b518f7d347997487209,ca11725088f4cd1e8331cda6b32df37b797adfcc202e72e60e3f8e1cf1223bfb,True,True,73,3,16,296,1,0xf378,1,0xf3c0,1,0xf408,"[27, 73, 0]"
files/module/st_pirates.rel,stage,145584,4e77bb3c9396c79b2adb1f56fa79abd2dd5c5a0c,350f20ed8f9d8c300ba8d3f91fe41c75,10f3cfefc713db9721fd6d3eb0e8a3a8f905cbd81f970413fd67fb3596a1101e,True,True,52,3,16,296,1,0x13670,1,0x136b8,1,0x13700,"[27, 52, 0]"
files/module/st_plankton.rel,stage,97752,3b72ff4cbccaa788478bc3af515335ad17f9bc98,cea3275cd1e4e614954fc2bf433da7d0,86889a6321ec4cdf2ba9a4699a956d9a05cc3af1400f651b26c86ecc426006bd,True,True,74,3,16,84,1,0xd78c,1,0xd7d4,1,0xd81c,"[27, 74, 0]"
files/module/st_stadium.rel,stage,29528,5826f3ad9e6d7e09d17d6d37f7f27210172fa9a4,f36c60f9c70ff16514ab5aafba63c3a0,a89ff9180d6a00d3594d68be27fef65d420935eb845f163d24ed782d15424439,True,True,59,3,16,24,1,0x3684,1,0x36cc,1,0x3714,"[27, 59, 0]"
files/module/st_stageedit.rel,stage,36696,004797ffb413e7ff2243ee8f7104ed293ce03dd5,e9cd985b7344beb92ac955b7d05560da,2328412d9696e9d395b16d3babc78e91fd914e15d4cedc130514004cd80c4ef9,True,True,85,3,16,24,1,0x5558,1,0x55a0,1,0x55e8,"[27, 85, 0]"
files/module/st_starfox.rel,stage,23856,89ea4079253db2b581aefb20095451a833f75bb6,597c87fef3b24d2df9f5d51218f1261b,d5c00f1cb4834131fe9714aaa7013465b7d7ca913b424d673274f79de83a381b,True,True,58,3,16,24,1,0x1b38,1,0x1b80,1,0x1bc8,"[27, 58, 0]"
files/module/st_tbreak.rel,stage,23744,211a30aa65a40682c4cdccff9b9a81459b14fb51,12b7a6bc32fdeb5cc80c3a4d8651f669,31375fc10dd446284ec7eb75c628e85962d0912c7021d89c054f186271fcc448,True,True,89,3,16,40,1,0x1d80,1,0x1dc8,1,0x1e10,"[27, 89, 0]"
files/module/st_tengan.rel,stage,57504,839c8054988ecf7f32862da78fc429daea8833b1,cf3c9b7fec3a758d20714f6d1fe3d6ae,fd59a018235900f60d1b2d5ffa40541b4d05bfc85bbd5236bccb291ef67f2b72,True,True,60,3,16,24,1,0x77b4,1,0x77fc,1,0x7844,"[27, 60, 0]"
files/module/st_village.rel,stage,113112,6a7542fa75617d921da42df6a08ce598d2b3051b,f935fbecca39f68189245293e9774d66,05551871503b43cb3dba6697226ee509fc70430775822a35615f4a73452a76de,True,True,70,3,16,88,1,0xda54,1,0xda9c,1,0xdae4,"[27, 70, 0]"
